{
  "0": {
    "precision": 0.662716049382716,
    "recall": 0.5191489361702127,
    "f1-score": 0.5822125813449024,
    "support": 5170.0
  },
  "1": {
    "precision": 0.7424163897442151,
    "recall": 0.8258554617288975,
    "f1-score": 0.7819162599537631,
    "support": 29487.0
  },
  "2": {
    "precision": 0.7376555337262607,
    "recall": 0.6449839670178653,
    "f1-score": 0.688214089326083,
    "support": 17464.0
  },
  "accuracy": 0.7348285719767464,
  "macro avg": {
    "precision": 0.7142626576177307,
    "recall": 0.6633294549723252,
    "f1-score": 0.6841143102082494,
    "support": 52121.0
  },
  "weighted avg": {
    "precision": 0.7329155292625186,
    "recall": 0.7348285719767464,
    "f1-score": 0.7307107434393137,
    "support": 52121.0
  }
}