{
  "0": {
    "precision": 0.6881443298969072,
    "recall": 0.5164410058027079,
    "f1-score": 0.5900552486187846,
    "support": 5170.0
  },
  "1": {
    "precision": 0.7393364928909952,
    "recall": 0.8411842506867433,
    "f1-score": 0.78697886921759,
    "support": 29487.0
  },
  "2": {
    "precision": 0.750952899537163,
    "recall": 0.6317567567567568,
    "f1-score": 0.6862171911929345,
    "support": 17464.0
  },
  "accuracy": 0.7388000997678479,
  "macro avg": {
    "precision": 0.7261445741083552,
    "recall": 0.663127337748736,
    "f1-score": 0.687750436343103,
    "support": 52121.0
  },
  "weighted avg": {
    "precision": 0.7381508948209129,
    "recall": 0.7388000997678479,
    "f1-score": 0.7336837086581532,
    "support": 52121.0
  }
}